﻿<parameters>
  <parameter name="IIS Web Application Name" defaultValue="http://MeetingPlanner.somee.com" tags="IisApp">
    <parameterEntry kind="ProviderPath" scope="IisApp" match="^C:\\Projects\\MeetingPlanner\\MeetingPlanner\\obj\\Release\\Package\\PackageTmp$" />
    <parameterEntry kind="ProviderPath" scope="setAcl" match="^C:\\Projects\\MeetingPlanner\\MeetingPlanner\\obj\\Release\\Package\\PackageTmp$" />
  </parameter>
  <parameter name="DefaultConnection-Web.config Connection String" defaultValue="DefaultConnection_ConnectionString">
    <parameterEntry kind="XmlFile" scope="C:\\Projects\\MeetingPlanner\\MeetingPlanner\\obj\\Release\\Package\\PackageTmp\\Web\.config$" match="/configuration/connectionStrings/add[@name='DefaultConnection']/@connectionString" />
  </parameter>
  <parameter name="MeetingPlannerContainer-Web.config Connection String" defaultValue="Data Source=.;database=Meeting;Integrated Security=true;">
    <parameterEntry kind="XmlFile" scope="C:\\Projects\\MeetingPlanner\\MeetingPlanner\\obj\\Release\\Package\\PackageTmp\\Web\.config$" match="/configuration/connectionStrings/add[@name='MeetingPlannerContainer']/@connectionString" />
  </parameter>
</parameters>